position,occluder,log2_discrimination
2,NOC,-0.08234166
2,NOC,-0.218394991
2,NOC,-0.103132738
2,NOC,-0.096924332
2,NOC,-0.178355831
2,NOC,-0.094810493
2,NOC,-0.040038637
2,NOC,-0.093603974
2,NOC,0.030042661
2,NOC,-0.052155825
2,NOC,0.022507608
2,NOC,-0.054530632
2,NOC,-0.015361283
2,NOC,-0.044221643
2,NOC,-0.043388999
2,NOC,-0.026699095
2,NOC,-0.074193893
2,NOC,-0.169357517
2,NOC,-0.08463598
2,NOC,-0.049243519
2,NOC,-0.050902743
2,NOC,-0.046620311
2,NOC,-1.016723777
2,NOC,-1.04262564
2,OCC,-1.948865792
2,OCC,-1.97796804
2,OCC,-1.803721514
2,OCC,-1.860174783
2,OCC,-2.041063146
2,OCC,-2.015191339
2,OCC,-1.928837973
2,OCC,-1.836661188
2,OCC,-0.141634727
2,OCC,-0.113958172
2,OCC,-0.087110063
2,OCC,-0.149961995
2,OCC,-0.017035604
2,OCC,-0.019674413
2,OCC,-0.037836619
2,OCC,0.01483245
2,OCC,-0.247187323
2,OCC,-0.323771194
2,OCC,-0.529207103
2,OCC,-0.547037803
2,OCC,-0.220515604
2,OCC,-0.28453118
2,OCC,-0.462993451
2,OCC,-0.57905158
5,NOC,-0.120076185
5,NOC,-0.082491248
5,NOC,-0.080398435
5,NOC,-0.103588063
5,NOC,-0.103891692
5,NOC,-0.135823254
5,NOC,-0.084886757
5,NOC,-0.046735992
5,NOC,-0.002627554
5,NOC,-0.120174248
5,NOC,-0.035364782
5,NOC,0.00812183
5,NOC,-0.024232715
5,NOC,-0.037573905
5,NOC,-0.078922734
5,NOC,0.03438714
5,NOC,-0.135514971
5,NOC,-0.079687734
5,NOC,-0.060062742
5,NOC,-0.043175972
5,NOC,-0.028117817
5,NOC,0.010313326
5,NOC,-0.322095044
5,NOC,-0.407201511
5,OCC,-1.113488579
5,OCC,-1.092251468
5,OCC,-1.454821547
5,OCC,-1.480621502
5,OCC,-1.109860169
5,OCC,-1.072106733
5,OCC,-1.259494048
5,OCC,-1.157340377
5,OCC,-0.562485575
5,OCC,-0.595349224
5,OCC,-0.298881243
5,OCC,-0.302804035
5,OCC,-0.154788142
5,OCC,-0.142433341
5,OCC,-0.061356492
5,OCC,-0.007255573
5,OCC,-1.755357088
5,OCC,-1.915076019
5,OCC,-0.412127069
5,OCC,-0.406371629
5,OCC,-1.766618637
5,OCC,-1.83197837
5,OCC,-0.180345936
5,OCC,-0.109434419
9,NOC,0.047868452
9,NOC,0.033170075
9,NOC,0.091218527
9,NOC,0.068763676
9,NOC,0.078430011
9,NOC,0.066606778
9,NOC,0.033446189
9,NOC,0.074141856
9,NOC,0.082731383
9,NOC,0.085525335
9,NOC,0.064952478
9,NOC,0.104056427
9,NOC,0.028987481
9,NOC,0.012532723
9,NOC,0.041206546
9,NOC,0.039504714
9,NOC,0.102635199
9,NOC,0.035680912
9,NOC,0.03346429
9,NOC,0.087757411
9,NOC,0.062146017
9,NOC,0.071072825
9,NOC,0.070818538
9,NOC,0.045937235
9,OCC,-0.298197577
9,OCC,-0.291788641
9,OCC,0.035382722
9,OCC,0.025702008
9,OCC,-0.233598543
9,OCC,-0.275889763
9,OCC,-0.077215015
9,OCC,0.003540358
9,OCC,-1.02939155
9,OCC,-1.033533828
9,OCC,-0.776884024
9,OCC,-0.85458344
9,OCC,-0.467160069
9,OCC,-0.444921555
9,OCC,-0.432561407
9,OCC,-0.426323559
9,OCC,-0.28294841
9,OCC,-0.321964211
9,OCC,-0.730695034
9,OCC,-0.72447548
9,OCC,-0.213630821
9,OCC,-0.215642481
9,OCC,-0.80472085
9,OCC,-0.850614087
12,NOC,0.059710065
12,NOC,0.080702919
12,NOC,0.077091331
12,NOC,0.084438745
12,NOC,0.014269263
12,NOC,0.014269263
12,NOC,-0.014982719
12,NOC,0.025139698
12,NOC,0.043820835
12,NOC,0.070475869
12,NOC,0.141884375
12,NOC,0.115534172
12,NOC,0.092612894
12,NOC,0.092865378
12,NOC,0.01533265
12,NOC,0.122599841
12,NOC,0.005930855
12,NOC,0.071199951
12,NOC,0.081333947
12,NOC,0.056891692
12,NOC,0.041012914
12,NOC,0.061762203
12,NOC,0.031897562
12,NOC,0.067508727
12,OCC,-1.198279622
12,OCC,-1.203855676
12,OCC,-0.939174807
12,OCC,-0.937030067
12,OCC,-0.937744626
12,OCC,-0.98607516
12,OCC,-0.803395886
12,OCC,-0.75536565
12,OCC,-0.603903427
12,OCC,-0.651311807
12,OCC,-0.351098073
12,OCC,-0.380756951
12,OCC,-0.120867043
12,OCC,-0.115839131
12,OCC,0.044047562
12,OCC,0.050770813
12,OCC,-1.009929915
12,OCC,-0.978562616
12,OCC,-1.705976096
12,OCC,-1.735978757
12,OCC,-0.657545745
12,OCC,-0.640555343
12,OCC,-1.417712572
12,OCC,-1.425064393